TweetID,predictions,distances
865434540873056256,Positive,0.0009457608684897423
863252651290570752,Positive,0.0031193832401186228
864904383514935297,Positive,0.9959348440170288
863595543787958274,Negative,0.0011886230204254389
864178018964709376,Neutral,0.0015296331839635968
864681365442310145,Positive,0.9972816705703735
864120098625376257,Positive,0.005368850659579039
864707677573832704,Neutral,0.006644393317401409
862706377973800961,Positive,0.9879867434501648
864492973668667393,Negative,0.9857106804847717
864905091064754176,Positive,0.010484547354280949
864650052538683392,Positive,0.0038047279231250286
862744519921586176,Positive,0.006495007313787937
864526059336720384,Positive,0.9811378717422485
864654694647562241,Neutral,0.012367021292448044
863168203316506624,Negative,0.001056714914739132
864664403303682049,Positive,0.0027323132380843163
865051937703677952,Positive,0.9962109327316284
865073868855275520,Positive,0.001599493669345975
862155852731609088,Positive,0.00261282897554338
864602108070432769,Positive,0.9957876801490784
864481174391058432,Positive,0.0064554219134151936
863086194716008448,Positive,0.5293766260147095
865901040855650307,Positive,0.46416792273521423
865537610239713281,Positive,0.0009644212550483644
862152072266960896,Negative,0.0022198776714503765
864895883594407940,Positive,0.9968157410621643
864532036060676101,Negative,0.9937534928321838
864653804456857601,Neutral,0.004566391929984093
865429930095460352,Positive,0.0016802053432911634
862158300732952576,Positive,0.0010499837808310986
865054139256123392,Negative,0.001828187145292759
864653095783071744,Neutral,0.9971217513084412
864654653627215872,Neutral,0.002503586933016777
862723945564442625,Positive,0.011907023377716541
864496419520040961,Positive,0.9855894446372986
864654680017842176,Positive,0.14500893652439117
865268877483286528,Neutral,0.14324210584163666
864466930534686721,Negative,0.7117489576339722
865582945695694848,Positive,0.003098779357969761
864651377745833984,Positive,0.01629507914185524
862359065598586880,Positive,0.9806061387062073
864656317721530371,Negative,0.004357971716672182
864700915860856832,Neutral,0.7719016075134277
864332310354722816,Positive,0.22374041378498077
864672481155698688,Negative,0.9944660067558289
863249603667341313,Positive,0.0020457813516259193
862667600651845633,Positive,0.0034882465843111277
864905603575099393,Positive,0.0009596015443094075
864179922411106304,Positive,0.0022630493622273207
864657138769162241,Negative,0.996777355670929
863585404305498112,Neutral,0.0027216372545808554
865057338545364992,Positive,0.08738424628973007
863163096927522816,Neutral,0.9098941683769226
865566068022161408,Negative,0.0010743812890723348
864703330710429696,Positive,0.003280529985204339
865682710152572928,Neutral,0.9956451654434204
862673564960477184,Positive,0.4232530891895294
862155853478187008,Positive,0.10035289824008942
862517121762439170,Positive,0.47639408707618713
864334706350981120,Neutral,0.0017589177004992962
864700471428218882,Negative,0.001603704527951777
864689473233268736,Neutral,0.9966373443603516
864119845901787140,Neutral,0.0010002569761127234
865051872318640128,Neutral,0.0030997362919151783
862164557548204033,Neutral,0.9958999752998352
862304902437097473,Negative,0.0010020957561209798
864164943557472256,Positive,0.0021811414044350386
864656324730204165,Negative,0.9968168139457703
862146369515126784,Neutral,0.0025059187319129705
863586662554750976,Neutral,0.004864730406552553
863579647954608129,Neutral,0.9926292896270752
862156475229249536,Negative,0.09512655436992645
862006212212248576,Positive,0.08681876212358475
863572429611966464,Positive,0.8180546164512634
862524021061165056,Neutral,0.9901835322380066
865073535831740416,Neutral,0.006834510713815689
864702264690266112,Positive,0.0029820601921528578
861283537772838913,Positive,0.0019196573412045836
863795423693213696,Positive,0.02599545754492283
862152683523801088,Negative,0.9720848202705383
862360553292914688,Neutral,0.9927629828453064
864311437157703681,Positive,0.005712517537176609
864666793427824640,Neutral,0.0015245478134602308
864426675467157506,Neutral,0.02464682050049305
864837147689443330,Negative,0.5625649094581604
865061975465877504,Positive,0.4127882719039917
864688807068782594,Positive,0.0031565751414746046
862669973075918848,Neutral,0.003647817298769951
864696368635535363,Negative,0.993195652961731
864126103052587009,Positive,0.001262571313418448
863588751959887872,Neutral,0.001508690300397575
864672468736364544,Positive,0.9972286820411682
863573344158969856,Positive,0.7021151185035706
864662776463204353,Negative,0.25308123230934143
862305865998716929,Neutral,0.04480365291237831
862153339546599424,Neutral,0.008905794471502304
865247795510464513,Neutral,0.7144748568534851
864127090010075137,Neutral,0.2766193449497223
863035373416583168,Neutral,0.003435326972976327
865261315954233345,Neutral,0.9299178123474121
863139641230327809,Neutral,0.06664688885211945
864896774980370434,Negative,0.007851099595427513
865425960312512514,Positive,0.2528285086154938
864893742842601472,Neutral,0.7393203973770142
862512135989055488,Positive,0.0011353709269315004
865220822369173504,Negative,0.0016410192474722862
862308975252996097,Positive,0.9972236156463623
862481734117588992,Neutral,0.00348170124925673
863574121275371521,Positive,0.2193014919757843
862310412213211136,Negative,0.7772167921066284
863082610003767296,Positive,0.00278303399682045
862521895610142720,Positive,0.9927501678466797
864943385605537792,Positive,0.0044667962938547134
862175733095034881,Negative,0.9810066819190979
864481402405998593,Positive,0.01736299693584442
865786351907737600,Neutral,0.001630346872843802
864126837206765568,Neutral,0.0011466967407613993
865005400172634112,Neutral,0.006272171624004841
862114210075029504,Neutral,0.9925811290740967
864557924923965441,Positive,0.0011284942738711834
864895435244175369,Positive,0.0027274542953819036
864672483005394945,Negative,0.9961440563201904
864336278946324482,Positive,0.0012287229765206575
862313576828162048,Negative,0.0015088585205376148
862513990618030080,Positive,0.9972623586654663
865540022258122753,Negative,0.9870031476020813
865566857134301184,Negative,0.01125571969896555
865563983813771264,Positive,0.0017411408480256796
864877489801310210,Neutral,0.02270556427538395
862153328897257473,Negative,0.9548623561859131
864667583861190658,Positive,0.022432077676057816
862358596507631616,Positive,0.0012068453943356872
865428286871977988,Positive,0.0015524807386100292
864895254033555456,Positive,0.9972406625747681
863246815621251072,Neutral,0.9952772855758667
863582224989474816,Positive,0.0023985609877854586
862723038835560448,Positive,0.002324138768017292
863244986233626626,Positive,0.030384862795472145
863575527315181569,Positive,0.47015222907066345
863043641111130112,Negative,0.49946287274360657
864692704600522753,Neutral,0.0035564755089581013
862143866648002565,Negative,0.005669108591973782
864341056816529408,Neutral,0.9907744526863098
864904484593577984,Positive,0.0010995629709213972
865046810095648768,Positive,0.001748443697579205
864901146552520704,Neutral,0.9971519708633423
864176762527330304,Positive,0.001140299835242331
865185296274599936,Positive,0.001620671828277409
863246926002761728,Neutral,0.9972389936447144
862684007527587842,Positive,0.6021384596824646
863044595579588608,Negative,0.37968572974205017
865565911276806147,Negative,0.01817581057548523
865264501809192961,Positive,0.01911374367773533
862151434464366593,Positive,0.9773533344268799
865570614802882560,Positive,0.003532916307449341
863582429361176576,Neutral,0.001075065927579999
865717237256159232,Neutral,0.001526907435618341
865266054506967040,Positive,0.9973980188369751
864540869743054848,Negative,0.07648006826639175
864671046384963585,Neutral,0.9054036140441895
865556442002071552,Negative,0.01811622828245163
863091291810398208,Positive,0.9891708493232727
862730993890885632,Positive,0.008347640745341778
864679486901690369,Positive,0.0024815264623612165
864686225365618688,Negative,0.0014903746778145432
863044339135631361,Positive,0.0026436259504407644
863882183534096384,Positive,0.995866060256958
862811050877624320,Neutral,0.0020216605626046658
864678944943083520,Neutral,0.9956753849983215
862160863414845440,Positive,0.0023029439616948366
863787511323209728,Positive,0.0007707471959292889
863794550934056961,Positive,0.004169662948697805
865563694973038592,Neutral,0.995059609413147
862683077440663553,Neutral,0.0009972067782655358
865177335431147520,Neutral,0.001877675298601389
862302883844427776,Positive,0.9971250891685486
862750941056991236,Neutral,0.02539253607392311
862669641071693824,Negative,0.3072828948497772
865072351947489280,Positive,0.6673245429992676
865191020123836416,Negative,0.11513399332761765
863797045617983489,Positive,0.8322721123695374
862644230635868160,Positive,0.05259397625923157
864179605657333761,Neutral,0.9950643181800842
864123069908037634,Neutral,0.002517244778573513
862654327537750016,Positive,0.002418440766632557
865066020171653120,Neutral,0.008421642705798149
864702455245832192,Positive,0.7947775721549988
863816316850974722,Negative,0.19680076837539673
864687845612691456,Negative,0.005970662459731102
864095002737168385,Negative,0.8881858587265015
865048584479232001,Negative,0.1058434471487999
862152691501465601,Positive,0.0065117040649056435
864657931316248576,Positive,0.4980204701423645
863572957406392321,Positive,0.49546775221824646
864678954837344256,Neutral,0.0465938076376915
865204668691091456,Positive,0.9413092136383057
864127666525437953,Negative,0.012096934951841831
865551024294998017,Neutral,0.9948238134384155
862142609548070913,Neutral,0.003504176391288638
864130899197263872,Positive,0.0016720863059163094
865342436947709953,Positive,0.0010047187097370625
864640364279451648,Negative,0.001889414619654417
865419498467188737,Negative,0.9971058964729309
864903473019711488,Neutral,0.9402925968170166
862736958564569089,Neutral,0.04013080894947052
864527303665221632,Neutral,0.019576534628868103
864656280018968576,Negative,0.22703778743743896
862155857018146816,Negative,0.7653971314430237
864448983867019264,Neutral,0.0075650811195373535
864166888556965893,Positive,0.057391148060560226
862155212550746113,Negative,0.8185616135597229
865302650283327490,Positive,0.12404722720384598
864330942051213313,Positive,0.003379724221304059
864704131642138624,Negative,0.9544171690940857
862150153792356352,Negative,0.04220316931605339
864468709225754624,Negative,0.9940800070762634
864328370150154240,Positive,0.0030550251249223948
865056526834311168,Positive,0.0028649030718952417
865545503815094273,Positive,0.0026218395214527845
864454289460269056,Positive,0.05003669485449791
865659608513339392,Negative,0.9473414421081543
863553857951084544,Neutral,0.034246377646923065
863781167664951296,Neutral,0.04225733131170273
864532140796628994,Positive,0.9234963059425354
864905558327009280,Positive,0.3774299919605255
864690285841977344,Positive,0.490032821893692
862161537959702528,Neutral,0.13253718614578247
865219445555376130,Positive,0.0189653430134058
863040159725629445,Positive,0.5477844476699829
865729414260301825,Negative,0.43325021862983704
864335964205961216,Positive,0.006677940953522921
864586506475896832,Neutral,0.05663494020700455
864899104417222656,Positive,0.9366871118545532
865629121673441280,Negative,0.0010618815431371331
862355381456076800,Negative,0.0018053425010293722
864485506582794242,Positive,0.9971327781677246
862147006717988864,Negative,0.0011488068848848343
865571645880225793,Neutral,0.0017764524091035128
864657954850705412,Positive,0.9970747232437134
864665204268965890,Neutral,0.9879094958305359
862143883278512128,Positive,0.005330479703843594
863586964775292928,Positive,0.006760017015039921
862176070472261632,Neutral,0.0036078861448913813
862155195563880450,Positive,0.9833606481552124
864704226311720960,Positive,0.013031530193984509
862669829786013697,Neutral,0.015825549140572548
865057306618277888,Positive,0.08329727500677109
865545082979532802,Positive,0.9008771777153015
864662805164765185,Negative,0.0029061371460556984
865061977613316096,Neutral,0.9845935702323914
864182645596487681,Neutral,0.012500302866101265
864671669767593984,Negative,0.0032592748757451773
862523893856260096,Negative,0.9711740612983704
865250063920115712,Positive,0.025566671043634415
864859328616046593,Negative,0.9950854182243347
864657945098891264,Positive,0.0028131233993917704
864130978729558017,Positive,0.002101420657709241
864685464921485312,Positive,0.0038370562251657248
863579602257666049,Neutral,0.011336034163832664
864657931974971392,Negative,0.984826922416687
865207791010672640,Positive,0.0011037816293537617
864657137187860480,Neutral,0.0014876159839332104
862695045534797826,Positive,0.9974085688591003
864458939370483712,Negative,0.21557651460170746
862288154614693888,Positive,0.7753329873085022
864181731154432000,Negative,0.009090523235499859
864898123344334848,Negative,0.99505615234375
862143885434290179,Negative,0.003025622107088566
864901250118107136,Positive,0.0019181735115125775
864935773447081987,Positive,0.007556434720754623
863083133792657408,Negative,0.03961492329835892
862321450463657984,Neutral,0.9528286457061768
864657140987899904,Neutral,0.004132559988647699
864693390939758592,Positive,0.5328874588012695
863379311767805952,Positive,0.46297991275787354
864534059132891136,Positive,0.015721995383501053
865067620248297472,Positive,0.05022173374891281
864667630577299456,Negative,0.934056282043457
865565993120276482,Positive,0.0012380557600408792
865778303914958850,Positive,0.0020601574797183275
864674080120877056,Neutral,0.9967017769813538
863585242170503169,Positive,0.9940647482872009
863584942957219840,Positive,0.002652972238138318
862318317389918208,Positive,0.003282214282080531
862667027957338112,Neutral,0.40630581974983215
862374046394187777,Negative,0.5859078764915466
864678138097405952,Negative,0.007786224130541086
862157750620610560,Negative,0.004523849114775658
862461084481052672,Positive,0.9496784806251526
864669252380446720,Neutral,0.04579756408929825
865575509564026881,Negative,0.002536087529733777
865218885808738304,Neutral,0.9952155351638794
865583716088766467,Positive,0.002248323755338788
865431691531358208,Positive,0.017676958814263344
864687048019632129,Negative,0.6735969185829163
864628874218549249,Neutral,0.30872613191604614
862623978355085315,Neutral,0.0019995905458927155
865784063734546432,Neutral,0.9951028823852539
864123263093493761,Positive,0.002897596685215831
864343229059276800,Negative,0.0020904899574816227
862669306630483968,Positive,0.9930243492126465
864537964751331328,Neutral,0.004885164089500904
862319879470407681,Neutral,0.048649054020643234
862673513978753024,Neutral,0.9473828673362732
864198305785552900,Neutral,0.003968159202486277
864653834601279488,Positive,0.9950804710388184
863044774588272640,Positive,0.0021856159437447786
865221212947066880,Neutral,0.0027339148800820112
862140711289978880,Positive,0.0023845189716666937
864133675390259201,Positive,0.022023865953087807
864448935032758272,Positive,0.9755915999412537
865428941296640000,Negative,0.011046972125768661
864657102106759168,Positive,0.9844956398010254
864904876035387392,Neutral,0.004457335919141769
864093867582337026,Positive,0.0011730595724657178
865564249460002817,Positive,0.001630631391890347
864105107868274688,Neutral,0.9971963167190552
864685405345632256,Negative,0.9928632378578186
862879726398038016,Positive,0.0056037637405097485
862144515389435906,Neutral,0.0015329919988289475
865438123483955200,Positive,0.0025652183685451746
863161970496811008,Neutral,0.016225541010499
863084851972509696,Positive,0.9812092185020447
862290366766215169,Neutral,0.03463737666606903
865564925221105666,Positive,0.961613655090332
864646718838722560,Neutral,0.0037489256355911493
865048611800981505,Neutral,0.015240320935845375
865352699675541504,Positive,0.34157127141952515
864680573016702977,Negative,0.6431884169578552
865262505903497217,Negative,0.9951494336128235
863800319448363008,Positive,0.0026962158735841513
862682869256290304,Positive,0.0021543174516409636
865438144195330048,Positive,0.008905249647796154
863575250130407428,Positive,0.012601208873093128
862148923879718916,Positive,0.9784935712814331
865422937632907266,Negative,0.006925529800355434
863595440209408000,Negative,0.005869697779417038
864167061450244096,Positive,0.9872047901153564
864170673937186817,Neutral,0.0013519612839445472
863578172268392449,Negative,0.0023753514979034662
862304270183518208,Positive,0.9962726831436157
862284540634648580,Positive,0.9952974915504456
863586143396298752,Positive,0.0024152444675564766
862153325336244225,Positive,0.0022872549016028643
864893517168074752,Neutral,0.05252275988459587
862139465309016065,Negative,0.15923604369163513
865176231557386242,Positive,0.7882412075996399
864700945858482177,Positive,0.003412968944758177
864530098749308928,Neutral,0.9910228252410889
863599553878118400,Positive,0.005564246792346239
864687053447057408,Neutral,0.07903644442558289
864670797247512576,Neutral,0.6869369745254517
863368128276967426,Positive,0.23402659595012665
864532147247427584,Positive,0.004537626635283232
864680585574440961,Positive,0.9843154549598694
864683530537906176,Positive,0.011146853677928448
864540804123168769,Neutral,0.005640022922307253
862411346318675969,Negative,0.9783162474632263
864662755273560065,Negative,0.016043657436966896
863789357630722048,Negative,0.0013468896504491568
864674894126174208,Negative,0.022467775270342827
865552068945235969,Neutral,0.9761853814125061
864671656618471424,Neutral,0.2490694224834442
863600306311057408,Positive,0.33995476365089417
862649857709944832,Negative,0.4109758138656616
864681380948713473,Positive,0.9946635961532593
863579326792335360,Negative,0.003324992023408413
862352180929548288,Positive,0.0020113347563892603
864179629027987456,Neutral,0.0008126537431962788
864558520582254592,Positive,0.002324430737644434
863587184653324288,Positive,0.9968628883361816
863371811521794048,Neutral,0.5348396897315979
864179366317707268,Neutral,0.4601094126701355
863786967590469632,Positive,0.005050848703831434
862308879220318208,Positive,0.0012979983584955335
864901536668889092,Positive,0.0016380399465560913
864710403485519872,Negative,0.997063934803009
862671589481099264,Neutral,0.9271917343139648
864905979464384513,Positive,0.03213496878743172
862156480857767936,Negative,0.04067318141460419
864175473315778563,Positive,0.6445471048355103
865230237063368704,Negative,0.34557029604911804
863091820179451905,Neutral,0.009882569313049316
862152683637047296,Positive,0.005030365195125341
863381885078163457,Negative,0.38637492060661316
863207127296466946,Neutral,0.6085947155952454
865752820380835841,Negative,0.008179468102753162
864666808778977280,Negative,0.5186212062835693
865695233639665664,Negative,0.47319933772087097
862317596464615424,Positive,0.9952322840690613
864905693442322432,Negative,0.0019316489342600107
864844717439275009,Negative,0.0028361044824123383
862887202136739841,Positive,0.1939869374036789
863574488570634244,Negative,0.15462848544120789
863577324503130113,Negative,0.6513845920562744
865050439905136641,Positive,0.0012587221572175622
865546797246160896,Neutral,0.0029226241167634726
864541142867685377,Positive,0.9958186745643616
862894315558891520,Neutral,0.0009103137999773026
864668382313971712,Positive,0.006880491506308317
862147018009006082,Positive,0.9922091960906982
865050440521711616,Negative,0.00085553148528561
864603518157680640,Negative,0.002725958591327071
864663591777075202,Neutral,0.9964184761047363
862184741453410304,Negative,0.006560103967785835
864134767683530752,Negative,0.5918387770652771
862518749286588416,Negative,0.401601105928421
861935455381725184,Neutral,0.001055999076925218
863575149622243329,Negative,0.002523204078897834
862157093373083650,Neutral,0.9964208602905273
864688731546157056,Positive,0.000981372082605958
862342772711452672,Negative,0.0029106817673891783
862325863945310210,Negative,0.9961079955101013
865434623232401408,Positive,0.0010459546465426683
865547533774274560,Neutral,0.0015983390621840954
864842841729708032,Neutral,0.9973556995391846
865564092714627072,Positive,0.0008598098647780716
862153970344751104,Neutral,0.00210976111702621
865176804872638464,Neutral,0.9970303773880005
864694911760822272,Neutral,0.9879651069641113
864698229933445120,Negative,0.008509861305356026
862321857252528129,Positive,0.0035250703804194927
865582781220257792,Negative,0.051775768399238586
864850571978829824,Neutral,0.9374804496765137
863376238076887040,Negative,0.010743843391537666
864655521105797121,Neutral,0.950980007648468
864600417698816000,Neutral,0.041940100491046906
863004413455216641,Negative,0.007079953793436289
864124084237611008,Negative,0.004286014940589666
864706485707788289,Positive,0.9857261180877686
865051012536643584,Positive,0.009987875819206238
864088835046748160,Neutral,0.0016072092112153769
865541388439478274,Positive,0.0016594092594459653
862670722908516352,Positive,0.9967334270477295
864906713123741696,Positive,0.009459588676691055
862296165408264192,Positive,0.013210871256887913
862889135123685377,Negative,0.9773295521736145
864643226283769856,Positive,0.3091929852962494
862678791893778432,Negative,0.6863644123077393
862145731779600384,Neutral,0.004442551638931036
862358772819394564,Positive,0.13877731561660767
862513039114940417,Positive,0.17285114526748657
864905660865105920,Positive,0.688371479511261
862434806126260224,Positive,0.0050264205783605576
864683800344899584,Negative,0.020553287118673325
862162573822742532,Negative,0.9744203090667725
864895077834993665,Neutral,0.14132395386695862
863576277948784641,Neutral,0.8473438024520874
863037863461617665,Positive,0.011332264170050621
865571296985440256,Positive,0.0011434705229476094
864342372112412673,Negative,0.0015024414751678705
864903920761659392,Positive,0.9973541498184204
864833974400667649,Negative,0.9950055480003357
862721466864992261,Neutral,0.002094847382977605
865061340326580224,Positive,0.0028995967004448175
865566893851136000,Positive,0.9950503706932068
865065417584279553,Positive,0.0029610362835228443
863247140142927872,Positive,0.0019885371439158916
864896668407402498,Positive,0.0012173792347311974
865431422567194624,Positive,0.0017308950191363692
864904425609072640,Neutral,0.9970517158508301
865050164414881792,Neutral,0.003047018311917782
865649565050863616,Negative,0.004658679943531752
865546929198870531,Positive,0.9922943115234375
863400871702429697,Negative,0.0015634088777005672
862149526353850368,Positive,0.0017087188316509128
864897614759821316,Positive,0.9967278242111206
863034422840500224,Positive,0.004102672915905714
864657951390388226,Neutral,0.9853004813194275
864665194341040129,Negative,0.010596842505037785
864683062415814657,Negative,0.07305175811052322
865627275936489474,Positive,0.8872771859169006
864685397858758656,Negative,0.03967108577489853
864687584714346496,Neutral,0.2598739266395569
864663612694114304,Neutral,0.043115608394145966
863591895221534721,Neutral,0.6970104575157166
864662756687044609,Neutral,0.9822760224342346
865543560120082434,Negative,0.016490330919623375
862288022217252864,Positive,0.0012336389627307653
864813031171121153,Negative,0.0058615682646632195
863585496349515776,Positive,0.9907073974609375
862237332866560000,Positive,0.003430982120335102
864677344228847616,Positive,0.9946541786193848
863580174507528192,Positive,0.002511282218620181
864669231647993856,Negative,0.0028345410246402025
863041766211166208,Positive,0.001086547737941146
863574074664116224,Positive,0.0019452620763331652
862670875790905346,Neutral,0.9969682097434998
864846296137572353,Negative,0.001125356531701982
862150811253604354,Neutral,0.002000256208702922
862146999373746176,Neutral,0.9968743324279785
864641479452618752,Negative,0.001272255671210587
864674904553263104,Positive,0.0013601063983514905
865543168086822912,Positive,0.9973676800727844
862674174569046016,Positive,0.9926459789276123
864696657446928384,Positive,0.0020659975707530975
862449930790633473,Neutral,0.005288018379360437
862459256209108992,Neutral,0.001168678398244083
864697738855944193,Neutral,0.0018262830562889576
864660360682405888,Negative,0.997005045413971
864905221088169986,Positive,0.00855964981019497
864814104745320449,Negative,0.21566732227802277
864327600675618816,Positive,0.7757729887962341
863804866032017408,Neutral,0.0025151900481432676
864131733637091328,Neutral,0.9819188117980957
865250873718579200,Positive,0.015566072426736355
864698726362820608,Neutral,0.023887671530246735
864689474277650432,Negative,0.9157072305679321
862334120545984513,Negative,0.06040506809949875
864685206812360705,Neutral,0.0010461386991664767
864335799915098112,Negative,0.001638923422433436
864129740134912002,Positive,0.9973148703575134
862145764457418752,Neutral,0.0019307169131934643
864662798655270912,Neutral,0.016415826976299286
865540949606137858,Negative,0.9816535115242004
865568145075040260,Negative,0.0012494592228904366
863594202017484800,Negative,0.005106622353196144
862304771444793344,Negative,0.9936438798904419
865627240284930048,Positive,0.007209584582597017
864178104033521664,Positive,0.9829404950141907
864622493121871872,Negative,0.00984993577003479
862169273359376384,Positive,0.013925999402999878
864180458699051009,Neutral,0.9713953733444214
863580101119815680,Positive,0.014678644016385078
864895815537635328,Positive,0.00222821906208992
865537107845971971,Neutral,0.9739447832107544
864538951645876224,Negative,0.023826925083994865
862304845809799168,Positive,0.0007466610986739397
863810472935665665,Neutral,0.004588686395436525
863587819754844161,Neutral,0.9946646690368652
865582719954235392,Positive,0.003941904287785292
864651989925408768,Positive,0.9877606630325317
862223768705478656,Positive,0.008297385647892952
863544529202401281,Neutral,0.9787729978561401
863084078077235200,Positive,0.014181896112859249
864655520057184257,Negative,0.007045139092952013
864690265574998017,Negative,0.0009584545623511076
864677315762147328,Negative,0.002412552712485194
865068372496613376,Positive,0.9966289401054382
864657935590404096,Negative,0.9516000747680664
864670812510539777,Negative,0.046687353402376175
864087279681359874,Neutral,0.0017126293387264013
864529405544189952,Neutral,0.013883358798921108
862720928635113472,Positive,0.10582282394170761
864127113661730824,Negative,0.8802937865257263
864531266254897152,Neutral,0.0012889944482594728
862681102401634307,Neutral,0.0017993325600400567
865437705806761984,Positive,0.9969117045402527
862858262382882816,Neutral,0.015176476910710335
861659306730696704,Neutral,0.9678243398666382
862162315365539840,Positive,0.016999108716845512
862003270402928640,Neutral,0.010055880062282085
862401417956519938,Neutral,0.9831722974777222
864680678184628225,Negative,0.006771720014512539
864895480819568641,Positive,0.0011069177417084575
862143867054960640,Negative,0.0036089245695620775
864893885381783554,Neutral,0.9952841401100159
864168542723330048,Positive,0.3758370578289032
865053821344649216,Neutral,0.3949142098426819
862512058524479488,Positive,0.22924868762493134
862803311342309377,Negative,0.0011885205749422312
864182962199375872,Negative,0.003924426157027483
865788979798528000,Negative,0.9948870539665222
864825132195491840,Negative,0.8073226809501648
864889975736852481,Neutral,0.1112389788031578
864676534472388610,Negative,0.08143839240074158
865427803545583616,Neutral,0.9941639304161072
862354453843906562,Negative,0.0032446503173559904
864676530143850496,Neutral,0.002591379452496767
863573237267144705,Negative,0.9950749278068542
863740813808988160,Negative,0.0029098326340317726
863018488205541376,Positive,0.0020152833312749863
862871165064400896,Neutral,0.6989517211914062
863031769712517120,Positive,0.2956012487411499
864710407830851584,Negative,0.0054470812901854515
865572140782845953,Neutral,0.0019324992317706347
863586774735605760,Positive,0.09826086461544037
863599405940826112,Positive,0.8998066782951355
864665188825432066,Negative,0.0018095513805747032
864666787580915716,Neutral,0.04716033488512039
862648204650840064,Positive,0.9510301351547241
865431261870870528,Positive,0.0011375262401998043
863401799222534144,Neutral,0.001637827605009079
864667577691275265,Positive,0.9972246885299683
863033598932381699,Negative,0.016364898532629013
863079584920633344,Positive,0.975692629814148
864901169717682177,Neutral,0.00794251263141632
862257295039889408,Positive,0.0009240120998583734
862724671803928576,Negative,0.003252426628023386
862649580210581504,Negative,0.9958236217498779
862156475397001216,Neutral,0.8555818796157837
863054117224185856,Positive,0.1176573783159256
862084355639975936,Neutral,0.026760835200548172
865054291169615872,Neutral,0.08028516918420792
864902880360267776,Positive,0.8005220890045166
865049256570245122,Neutral,0.1191926971077919
864164468938477569,Positive,0.1257355660200119
862891067972222976,Neutral,0.8218201994895935
864687043351388160,Negative,0.05244423449039459
862155851938897920,Negative,0.0010772895766422153
863255878560079872,Positive,0.009199470281600952
864135643940704257,Negative,0.9897232055664062
864663613377851393,Negative,0.004144306294620037
864890623744233472,Negative,0.00326747284270823
864466856891088898,Negative,0.992588222026825
864654614636920833,Positive,0.9950254559516907
864684195666423809,Negative,0.0024205234367400408
864718314316103680,Negative,0.0025540709029883146
865419462761000960,Positive,0.9902503490447998
863000271554846720,Negative,0.006041634827852249
864169027370983425,Positive,0.0037079588510096073
862890663016370180,Positive,0.08394093811511993
864669229005647872,Neutral,0.8534925580024719
864678952702443521,Negative,0.06256651133298874
864334812282208260,Positive,0.002386790234595537
863041298068103169,Positive,0.9941583871841431
862352872889090052,Positive,0.003454866586253047
862686718054543360,Positive,0.0065205032005906105
864644824787496960,Positive,0.8408195972442627
865219419114536961,Neutral,0.15265989303588867
865054419993448448,Negative,0.993640124797821
865271058177433600,Neutral,0.0039093149825930595
864600431472906241,Neutral,0.0024504950270056725
864478722677776385,Neutral,0.9853034019470215
864542226432569344,Negative,0.007766158785670996
864097990251859970,Positive,0.006930482108145952
864331964232462337,Positive,0.02746802568435669
864897565019574274,Positive,0.8800307512283325
864651348452798465,Positive,0.0925011932849884
864674079135207425,Negative,0.0014464400010183454
863575157226471424,Positive,0.0018472711089998484
862679575318241280,Positive,0.9967063069343567
864455275973103616,Positive,0.9919987320899963
862165018095308800,Positive,0.005803049076348543
864696439020048385,Neutral,0.002198203234001994
864684594452418560,Negative,0.002176519250497222
864847026131021826,Negative,0.01271526888012886
865438665610317824,Positive,0.9851081967353821
862150787769782277,Neutral,0.010639701038599014
862150159467237376,Negative,0.14107677340507507
864700805017993216,Neutral,0.8482835292816162
863239318726475776,Positive,0.9940009713172913
864854605313847296,Neutral,0.0022863938938826323
864652947472478208,Positive,0.0037126827519387007
862415941371613185,Positive,0.9867323040962219
863010935807639553,Positive,0.0108041325584054
865629852988198912,Positive,0.0024635707959532738
862152683607793664,Negative,0.9086328744888306
863795166808870918,Neutral,0.005155737046152353
862355957409607680,Negative,0.08621136844158173
863592479672729600,Negative,0.01220045518130064
865260263746019328,Positive,0.08081604540348053
863259137446215680,Neutral,0.906983494758606
864653708570898432,Positive,0.011769731529057026
863080607282339840,Positive,0.3977271318435669
862163042213167105,Positive,0.5905031561851501
864901773076701184,Positive,0.017351221293210983
862312447801270273,Negative,0.37045249342918396
864791806856364032,Negative,0.6121962666511536
865900553523605505,Positive,0.0011110806372016668
862144501607010304,Positive,0.001656210282817483
864670836392939520,Positive,0.9972327351570129
864672480081870848,Negative,0.9840096831321716
864896640171298821,Positive,0.013221687637269497
862888351598342144,Neutral,0.0027685421518981457
862422925428879361,Negative,0.04063616320490837
862158901067878400,Neutral,0.9361540675163269
862677202172866563,Neutral,0.023209737613797188
862351973122793474,Positive,0.007401442155241966
864652777678622721,Negative,0.9468485713005066
865205440728227842,Negative,0.045750003308057785
862140084291858434,Neutral,0.001127905328758061
862158371297865728,Neutral,0.0018740721279755235
862144497781788676,Negative,0.9969980716705322
862155212659859456,Negative,0.0010846545919775963
862355850249351169,Positive,0.0017090050969272852
864666036045574144,Negative,0.9972062706947327
864652119961370633,Positive,0.0034172318410128355
864655443771228162,Positive,0.0032693147659301758
862307799258329089,Positive,0.9933134913444519
864128556611317762,Negative,0.0339377261698246
865216409558802432,Neutral,0.955353319644928
862306340122890240,Negative,0.010708886198699474
862307960843890689,Positive,0.0013655622024089098
864176639143555072,Neutral,0.020814664661884308
864679752480821248,Neutral,0.9778197407722473
865431514888118272,Positive,0.0008251258987002075
864917304349523968,Negative,0.0026878041680902243
862840424184074243,Positive,0.9964871406555176
862726632611749888,Neutral,0.6424264311790466
865204130859687936,Neutral,0.029709279537200928
864495857730805764,Neutral,0.32786422967910767
864905888980766720,Positive,0.0014601504663005471
865068391136210944,Negative,0.0017927055014297366
864734228864536576,Neutral,0.9967471361160278
863044791591948288,Positive,0.002931358991190791
862155228304506881,Neutral,0.9939829707145691
865311265773813760,Neutral,0.0030856975354254246
864653835217895424,Positive,0.0013152557658031583
862530301897183232,Negative,0.001394742983393371
864130529435807745,Positive,0.9972900152206421
862512934265782272,Positive,0.9949054718017578
864791298804523008,Neutral,0.002106125233694911
862141991676727297,Neutral,0.002988453023135662
865417560728117248,Neutral,0.9942591190338135
863045384612057088,Positive,0.00318491505458951
864663587394117632,Negative,0.0025559887290000916
864907341069770752,Positive,0.0010628330055624247
864655539363602432,Positive,0.0018181144259870052
862191934948990977,Negative,0.9971190690994263
865057118264713218,Neutral,0.980803906917572
863578568286228480,Neutral,0.014397853054106236
862163942491262976,Neutral,0.004798206500709057
862393978850865152,Neutral,0.007895583286881447
863576089704235011,Positive,0.9837023019790649
865575158546915328,Negative,0.008402195759117603
864716100830978048,Neutral,0.0028010259848088026
864659566637834240,Positive,0.055497702211141586
862152066264911876,Positive,0.9417012929916382
862226703367753728,Negative,0.060030389577150345
862176757209849856,Neutral,0.9289016723632812
864179611869081600,Negative,0.011067998595535755
865073046306131969,Negative,0.0018564186757430434
862729533774069761,Positive,0.0015269485302269459
865260311733051394,Negative,0.9966166615486145
865565888006815744,Negative,0.0013754856772720814
865053918430212096,Positive,0.0050018853507936
864792385187983361,Negative,0.9936226010322571
862684519484338178,Neutral,0.009193208999931812
863582990164783104,Positive,0.9869992136955261
863204484440363008,Neutral,0.003807578468695283
864130381699796992,Positive,0.006848057731986046
864180059950772228,Negative,0.18040214478969574
862321728147640320,Positive,0.8127498030662537
862155851238428672,Negative,0.0009890469955280423
862886268274978816,Neutral,0.002196711953729391
864673282041237504,Positive,0.9968143105506897
865565934777499648,Negative,0.049461688846349716
864337986636218369,Positive,0.9441291093826294
864096927830421509,Neutral,0.006409249268472195
864672474595831808,Neutral,0.001901119016110897
864671674553204736,Positive,0.04424022138118744
864685413222449152,Neutral,0.9538586735725403
863809888794947584,Positive,0.0013279521372169256
864670847046492160,Negative,0.003320211311802268
865572656564887552,Positive,0.9953517913818359
863248103801057280,Negative,0.9823280572891235
864171096739905537,Neutral,0.01632772572338581
863087759086538754,Positive,0.001344198826700449
864960168441892864,Positive,0.010489052161574364
862155854954606592,Negative,0.9464734196662903
863591188028424192,Positive,0.043037500232458115
862150806103044096,Negative,0.1035262867808342
864703395772473345,Positive,0.8922845721244812
862295533007900672,Neutral,0.00418909452855587
862151441334632448,Negative,0.9907220602035522
865262004868710400,Negative,0.00598088139668107
863592695238930433,Positive,0.0032971403561532497
864677309709733888,Positive,0.9734523892402649
864703394967154688,Neutral,0.016138998791575432
864862341892104192,Negative,0.010408574715256691
864531723215925250,Negative,0.0011776781175285578
863088676900876289,Positive,0.0015890796203166246
865204598759358465,Positive,0.9972332119941711
864641755609792512,Neutral,0.9563269019126892
862670107927076865,Negative,0.030888374894857407
863878486657839105,Neutral,0.012784789316356182
862848862150590464,Positive,0.0008698633755557239
864824465011691524,Neutral,0.0022019059397280216
864710167052660737,Neutral,0.9969282746315002
865219144853192704,Negative,0.0010067091789096594
865086149412499457,Negative,0.001672209706157446
862889091456806913,Positive,0.9973210692405701
862322142440030209,Positive,0.0013276069657877088
864658742951989248,Neutral,0.0014973744982853532
862285002838614016,Positive,0.9971749782562256
863592150096904193,Positive,0.0029495840426534414
864493790672891904,Positive,0.9884427189826965
863085785993629698,Positive,0.00860771257430315
862155853432057857,Negative,0.9929599165916443
863046721185742848,Positive,0.003780859988182783
864677315137204224,Neutral,0.0032591589260846376
862355631428304898,Positive,0.018555520102381706
864170950220279813,Positive,0.4728165864944458
864674883057405952,Neutral,0.5086278319358826
862516122989580288,Negative,0.00653938390314579
864890377127571456,Negative,0.562133252620697
863375235936137216,Positive,0.43132737278938293
863598377325428736,Negative,0.0013025944354012609
864672485177995264,Negative,0.0014719907194375992
863584619312140288,Neutral,0.9972254037857056
863085817702625281,Positive,0.9870970249176025
864329280645459968,Positive,0.011219455860555172
864532373744082944,Neutral,0.0016835395945236087
864122619657891840,Negative,0.0010009059915319085
865181081217249280,Neutral,0.0022413672413676977
862152700410171392,Positive,0.9967576861381531
862149542527074304,Negative,0.9952335953712463
862731072274137088,Neutral,0.002034999430179596
861813585785360386,Negative,0.0027313854079693556
863793125248180224,Neutral,0.9940305352210999
863384263852515328,Positive,0.0023461589589715004
865762103285731328,Negative,0.003623303258791566
864687850503233536,Negative,0.8468749523162842
864469198403244036,Neutral,0.1421654373407364
863245261652598785,Neutral,0.010959584265947342
865548899582230528,Negative,0.0011472278274595737
862141981568491521,Negative,0.0014744421932846308
864819093534367745,Neutral,0.9973783493041992
864654705099759616,Neutral,0.0013331770896911621
863084568169111554,Neutral,0.0033168508671224117
864106414683435008,Negative,0.9953500032424927
862691441629433857,Neutral,0.9902257323265076
863597041750081538,Neutral,0.005802955944091082
864486184919195650,Negative,0.003971332684159279
864693419175706624,Positive,0.2276756763458252
865569589920485376,Neutral,0.758803129196167
864673276529913856,Positive,0.013521208427846432
864690278518730752,Neutral,0.4084424674510956
863087445604265984,Negative,0.5849283933639526
862442344284553220,Negative,0.006629212759435177
862782494013362176,Neutral,0.1790216863155365
864459503609270272,Positive,0.020662516355514526
864676511730761728,Negative,0.8003157377243042
864858871222894592,Neutral,0.0010929841082543135
863080536226635776,Positive,0.0016962422523647547
865572238136934400,Negative,0.9972108006477356
864644624081715201,Neutral,0.0010883290087804198
864689474999070720,Negative,0.001713625155389309
865219610198585344,Positive,0.9971979856491089
862369151591100416,Positive,0.009097711183130741
864682199391588353,Positive,0.004201304633170366
862145134422577152,Neutral,0.9867009520530701
864945748407922693,Negative,0.7754441499710083
864656264499998720,Neutral,0.21884679794311523
862878476839165955,Positive,0.005709127057343721
862150786557542402,Negative,0.0032773311249911785
862144501141438465,Negative,0.006977790966629982
864710222115467264,Neutral,0.9897448420524597
862151444815892480,Positive,0.0036666197702288628
864164928189550592,Positive,0.18358245491981506
863402408839442432,Negative,0.8127509355545044
863586294424899584,Positive,0.03231986239552498
861807510537293824,Positive,0.9587615132331848
865569596446789637,Negative,0.008918692357838154
864886327996710913,Positive,0.0010423825588077307
863080183968002051,Positive,0.0027280228678137064
864465504534220800,Positive,0.9962295889854431
864497528317849600,Positive,0.01949121244251728
862172859120193540,Positive,0.059545621275901794
862679397459005441,Negative,0.9209631681442261
862666317798793218,Positive,0.0009694115142337978
863044208042676224,Neutral,0.002924965228885412
862152066051039232,Positive,0.9961056113243103
864645109027090432,Neutral,0.022463912144303322
864661971555287044,Negative,0.9746264815330505
864680693686833152,Positive,0.002909664995968342
864697961586012160,Positive,0.9578797817230225
865071990763388928,Neutral,0.003603904042392969
862168456531251200,Negative,0.03851631283760071
864449884115673089,Negative,0.9939742684364319
865566046320832512,Negative,0.004308321047574282
863579329216819200,Positive,0.00171737524215132
864864891601080320,Positive,0.9927640557289124
862151431759028224,Negative,0.0036849037278443575
864895161167486976,Positive,0.0035509413573890924
864679780549046272,Positive,0.001664617913775146
865595005561217025,Neutral,0.003329396015033126
864897107156766721,Positive,0.9950060248374939
862153967589101569,Negative,0.010168868117034435
865546572465020933,Positive,0.8570342063903809
864671659336380416,Negative,0.13279692828655243
865697072951033857,Negative,0.9668385982513428
863792779717218304,Positive,0.030901655554771423
862143229667536898,Neutral,0.002259662840515375
864675703924686849,Positive,0.007647094316780567
864181037743656960,Negative,0.8692002296447754
862321314085908482,Positive,0.12315268069505692
864172488766443520,Neutral,0.0014090710319578648
863043625277693953,Positive,0.0017060446552932262
863810212972593152,Positive,0.9968848824501038
864099028597960704,Negative,0.000982560683041811
865054529791905792,Neutral,0.0018236677860841155
865068578797735936,Neutral,0.9971936941146851
864106243241246720,Positive,0.9230576157569885
865208800365735936,Negative,0.04938206449151039
862143871869997056,Negative,0.027560273185372353
862004019534942208,Positive,0.04058341681957245
862381519121391618,Positive,0.9547848701477051
865545297253892096,Positive,0.00463173259049654
864448928883892224,Neutral,0.007305519189685583
862668775333781504,Positive,0.9563178420066833
864662796319019009,Negative,0.03637668862938881
865548723148865540,Neutral,0.11492130905389786
862358327132651534,Negative,0.4803001284599304
865565704694755328,Positive,0.4047785699367523
864166075650293761,Positive,0.000991643755696714
864534043643322369,Positive,0.0018794462084770203
862171404724301825,Positive,0.9971289038658142
864330267103776769,Positive,0.9927514791488647
864657087359569920,Negative,0.004286929499357939
862514359305678848,Positive,0.0029616139363497496
864576525907234817,Negative,0.0012603754876181483
862317946877743104,Negative,0.011151058599352837
864680042126770176,Positive,0.9875885844230652
865430905774456832,Negative,0.004051340278238058
865795617125281793,Positive,0.9925018548965454
864120172340285442,Positive,0.0034468062222003937
862478186977931264,Positive,0.022613273933529854
864702992737546240,Negative,0.5594443082809448
864658753601363968,Negative,0.41794243454933167
864665210291970049,Negative,0.028249433264136314
865258674620698624,Positive,0.8152275085449219
864785132431003650,Negative,0.15652300417423248
862674129467707392,Positive,0.0058615682646632195
864661981776805888,Neutral,0.9907073974609375
864683774797377539,Positive,0.003430982120335102
862245043817639936,Negative,0.0027602764312177896
865537710215184385,Neutral,0.14447130262851715
862358021351108608,Neutral,0.8527684211730957
864532735922233344,Positive,0.0016386846546083689
865064721615081472,Negative,0.0015925015322864056
864903898234073088,Positive,0.9967688322067261
865071562449448960,Positive,0.3326728940010071
862307270545121280,Negative,0.6600670218467712
864678949036720128,Positive,0.007260134909301996
865219395756462080,Neutral,0.0010259196860715747
864818253591445505,Neutral,0.0037660724483430386
865412557850333184,Positive,0.9952079653739929
864899740458201088,Positive,0.0025764144957065582
862300903772233728,Negative,0.011983492411673069
864667631642705920,Neutral,0.9854400753974915
864638807009882112,Neutral,0.0020896263886243105
864893538915450882,Positive,0.0025024800561368465
865427803256303616,Positive,0.9954078793525696
863584130856083458,Positive,0.9354448318481445
862336104187473920,Neutral,0.03592738136649132
865429969983479808,Neutral,0.028627801686525345
865440399547965440,Positive,0.0017021491657942533
864655393829597184,Neutral,0.0039177569560706615
865793660700565504,Neutral,0.9943800568580627
864903454413774848,Negative,0.011482908390462399
864532314096848897,Positive,0.9504439830780029
863600334215794689,Positive,0.03807312250137329
864174061106196481,Positive,0.008958655409514904
863786785012416512,Positive,0.16554510593414307
865723907134959616,Positive,0.8254961967468262
864456969469530113,Positive,0.0009310363093391061
864821390180065286,Negative,0.0038606689777225256
865055312977559552,Neutral,0.9952083230018616
865607813766238208,Negative,0.01542219053953886
864664416037597184,Negative,0.9427783489227295
862151444924964866,Negative,0.041799481958150864
864939820082237440,Positive,0.9612200856208801
865544126254661633,Positive,0.031007559970021248
864170607918895104,Positive,0.007772424258291721
865715652073488384,Negative,0.003607050282880664
862519530878357504,Positive,0.0127212880179286
864338855263993856,Positive,0.9836716055870056
865001065355255808,Positive,0.011021055281162262
864702921698664448,Negative,0.9778903126716614
864681389760946176,Negative,0.01108857523649931
864256225126604800,Neutral,0.0036601386964321136
862721789960572929,Positive,0.020560646429657936
865249576495845378,Neutral,0.9757792353630066
864617869568507904,Positive,0.007596998941153288
864903852469997569,Positive,0.9155746698379517
865279361859059714,Neutral,0.07682821899652481
865902704907956224,Negative,0.00091508001787588
862147029237104641,Negative,0.0019580437801778316
864690331446640640,Positive,0.9971268773078918
864651241011499009,Positive,0.010432645678520203
864660344320524289,Neutral,0.804340124130249
863042688626688000,Positive,0.18522723019123077
862146406336925696,Positive,0.0010391089599579573
864668389251457026,Negative,0.002125316299498081
864494689516486656,Positive,0.9968356490135193
865536662390022145,Neutral,0.0034788951743394136
864711058853900289,Positive,0.5344189405441284
862309987930054656,Positive,0.46210217475891113
865220037828849664,Negative,0.007476320955902338
864340126863720449,Positive,0.9851644039154053
862357063116226564,Positive,0.007359337527304888
864654642365558786,Positive,0.0008387257112190127
865374645553385472,Neutral,0.004107274115085602
862668547478179844,Negative,0.9950540065765381
864656307290353664,Negative,0.9814810752868652
864542629899403264,Positive,0.01518112700432539
864677352068001792,Negative,0.0033378771040588617
862670456083689473,Positive,0.6102128028869629
862356767635898370,Positive,0.05754470452666283
864332118201159684,Neutral,0.33224254846572876
865800277496123393,Neutral,0.001057791872881353
862173449367805952,Neutral,0.009130079299211502
862234373759881216,Positive,0.9898120760917664
862145730810695682,Negative,0.00428353063762188
862489658101518339,Positive,0.1558123230934143
864327700374315008,Positive,0.8399041295051575
862665889442926592,Negative,0.0012523304903879762
865066300741230592,Neutral,0.009656145237386227
864660350045745152,Neutral,0.9890915155410767
862151440776777728,Positive,0.0012400553096085787
865064496095797249,Positive,0.0016207423759624362
862284291484549120,Positive,0.9971392154693604
865725441591697410,Positive,0.0008827562560327351
862150151678431234,Negative,0.0030883708968758583
862675079204929540,Positive,0.9960289001464844
864485819112972288,Neutral,0.9755259156227112
865744199542603776,Negative,0.021324897184967995
863016399282819073,Positive,0.0031491981353610754
864641112396509184,Neutral,0.5083810687065125
864179871945195520,Neutral,0.4870690405368805
865285472846848000,Neutral,0.00454991590231657
864168983183974400,Positive,0.009444677270948887
864652273502302208,Positive,0.41053053736686707
862719772991082496,Negative,0.580024778842926
864683812252516352,Neutral,0.002158509800210595
862510749855477760,Neutral,0.9953330159187317
864657111204208641,Neutral,0.0025084801018238068
864680578737733632,Positive,0.9765594005584717
864692611491254272,Negative,0.008842289447784424
862511995551195136,Positive,0.014598269015550613
864687049206575104,Negative,0.0032427844125777483
864676538415022080,Negative,0.007548271678388119
863591594800406528,Positive,0.989208996295929
865065001446461440,Positive,0.0013898508623242378
865428203548151808,Negative,0.001445155474357307
863252264261177344,Positive,0.9971650242805481
864690271308713984,Negative,0.0008638558210805058
862154586429300738,Positive,0.005244674626737833
862719491574308864,Negative,0.9938914775848389
864676514159316994,Neutral,0.0013291070936247706
864655468492451840,Negative,0.001574255176819861
864653048949465090,Neutral,0.9970966577529907
862902703210606593,Positive,0.004060931969434023
864905451795820544,Positive,0.9889625906944275
863599912239419392,Neutral,0.006976466625928879
864677348926529536,Neutral,0.9928857684135437
865434151440220160,Positive,0.004165768623352051
862325022177849344,Positive,0.00294853444211185
864627319448772610,Neutral,0.0010495606111362576
864891077593100289,Positive,0.0044690207578241825
864092420421672960,Positive,0.9944814443588257
865429899275771904,Negative,0.007753562647849321
865636422664863749,Negative,0.23027820885181427
863590428020535297,Neutral,0.761968195438385
863790291060498433,Positive,0.03303899988532066
863577286708219908,Positive,0.921099841594696
865373928369336320,Positive,0.0458611436188221
865546124496560128,Positive,0.0025391264352947474
862147018197741571,Positive,0.06767929345369339
864844302895243264,Negative,0.9297815561294556
865626960650567680,Positive,0.005583722610026598
864131343931887618,Positive,0.9038181304931641
864332554656075776,Positive,0.09059815853834152
865627376394280960,Neutral,0.03351433947682381
864699529089740800,Neutral,0.9495686292648315
862677694114398208,Neutral,0.016917020082473755
862892729990336513,Positive,0.005542158614844084
864179729884172288,Neutral,0.004287871066480875
864657112777011200,Neutral,0.9901699423789978
863005753732460544,Negative,0.001006139675155282
862339607920357381,Positive,0.0017768407706171274
864480279511146498,Negative,0.997217059135437
863175495952846848,Neutral,0.0008461585966870189
864698544686485504,Negative,0.002284587826579809
864697721831215108,Neutral,0.9968692660331726
864670844139839489,Negative,0.0012717201607301831
865570684415725568,Positive,0.0026076289359480143
863578033495695360,Positive,0.9961206316947937
864143870803795971,Positive,0.12739485502243042
863878720301535233,Neutral,0.6864172220230103
864677345554202624,Positive,0.1861879527568817
865566741195345920,Positive,0.9901955723762512
864692063715155968,Positive,0.003103525610640645
864673281869217792,Negative,0.006700975354760885
864663574366621700,Neutral,0.9946379065513611
865056164580667392,Neutral,0.0034881671890616417
862879617778167808,Neutral,0.0018739376682788134
862152074779398144,Positive,0.9935763478279114
864892900672450560,Positive,0.004210416227579117
864893652170133504,Positive,0.002213212428614497
864532053999702016,Neutral,0.9239497184753418
862154567475240960,Negative,0.06914757937192917
865268107711066114,Negative,0.006902731489390135
864235696017608705,Positive,0.006085493601858616
863092325286858755,Positive,0.96568363904953
863085475262803969,Neutral,0.028230831027030945
865592638635778048,Neutral,0.009281232953071594
863803173617750016,Negative,0.9733144640922546
862511784229556224,Positive,0.017404312267899513
862166595761844224,Neutral,0.001184641383588314
864611945684639749,Positive,0.0018425334710627794
864538584782712832,Negative,0.9969727993011475
861282599641243648,Positive,0.9942837357521057
863581955455148034,Positive,0.004256383515894413
865569013061099520,Negative,0.0014598759589716792
863572735632560129,Positive,0.001827507745474577
862150157743403008,Negative,0.004097442142665386
865563621027393536,Neutral,0.9940750598907471
865264520578691072,Negative,0.5879067778587341
864680583250759680,Negative,0.4005800187587738
865063847304024064,Positive,0.01151325460523367
864683456537784321,Positive,0.0010532006854191422
865546418274000901,Negative,0.015622040256857872
865284116136300544,Neutral,0.9833247661590576
864875331890667520,Neutral,0.012524890713393688
864671663295791104,Neutral,0.9813023209571838
864710970152808448,Positive,0.006172871217131615
862726045862170626,Positive,0.0039000469259917736
862162663316520960,Neutral,0.1422358751296997
863597680345456640,Positive,0.8538640737533569
863586863323467776,Negative,0.000893018557690084
864668391008763905,Neutral,0.0020423997193574905
865567400594419712,Neutral,0.9970645308494568
864674920407719936,Negative,0.021933475509285927
864908153338638342,Positive,0.9645894169807434
865596050677149697,Neutral,0.013476998545229435
863586652027068417,Neutral,0.00876857340335846
864896601134956544,Positive,0.9792906641960144
865267693183696896,Positive,0.011940632946789265
863881633467953152,Neutral,0.001805167063139379
862149555500056578,Positive,0.010681596584618092
864685876990930949,Positive,0.9875132441520691
864683814513246209,Negative,0.0015294766053557396
865585938457649152,Positive,0.0019441089825704694
864652235178901509,Neutral,0.9965264201164246
864895727012651010,Positive,0.0010510293068364263
865062810375639040,Positive,0.001699612708762288
864906243734982656,Positive,0.9972493052482605
864651035893215232,Neutral,0.9792572855949402
862347801363132417,Negative,0.018515314906835556
863594694277832704,Neutral,0.0022273852955549955
864668435674009605,Positive,0.18996566534042358
864895553926246400,Negative,0.7912076115608215
863579642422333440,Positive,0.01882672682404518
864654729019838464,Neutral,0.0013520466163754463
865261421529108482,Positive,0.001462479936890304
863038341201231872,Positive,0.9971854090690613
862462176904327168,Negative,0.9739716053009033
864525726145552385,Positive,0.023807847872376442
864688841961222145,Positive,0.002220514928922057
862887693382033408,Neutral,0.0009691273444332182
864896106219655172,Positive,0.002186327474191785
865055229590597632,Positive,0.9968445301055908
864686242423812097,Negative,0.9915071129798889
864542371974971393,Positive,0.007116459775716066
865050831317553152,Neutral,0.0013763775350525975
862142614354743296,Negative,0.008984901942312717
864328406820950017,Negative,0.9858598113059998
863596937781628928,Neutral,0.005155323538929224
863394159138418689,Neutral,0.0010458831675350666
864900350439968768,Positive,0.001504245214164257
862879878571491330,Neutral,0.9974498152732849
864531149397401602,Positive,0.9947422742843628
864641777306939392,Neutral,0.002041332423686981
863586893769961472,Positive,0.0032164123840630054
864098642495459328,Positive,0.004096154123544693
865065699521306624,Negative,0.985974133014679
865567462435246080,Negative,0.009929701685905457
864103585973448704,Negative,0.7332037091255188
862150153641357312,Positive,0.24818632006645203
863571807579906048,Positive,0.0186099074780941
863409256858628096,Neutral,0.9938965439796448
864672473400438789,Neutral,0.004334742669016123
862775590813917185,Negative,0.0017687528161332011
862514998362484737,Positive,0.9912153482437134
864896617379495936,Positive,0.0018698506755754352
865538320687812611,Positive,0.006914797704666853
865567626256318465,Negative,0.011647911742329597
864689474718093312,Positive,0.26135769486427307
862286204498214913,Negative,0.7269943952560425
862649800377991169,Neutral,0.8250675797462463
862150796535836673,Negative,0.1687554568052292
865578512928972801,Neutral,0.006177054718136787
864665990956802048,Negative,0.3546162247657776
864694943885004801,Negative,0.3237571120262146
864657139993911296,Negative,0.3216266334056854
864531337180573697,Positive,0.001430938602425158
864657945447059456,Positive,0.0014492511982098222
864689283671756800,Positive,0.9971197843551636
863590905168752644,Positive,0.9931139349937439
864688737481093121,Positive,0.004273242317140102
863586996505239552,Positive,0.0026128622703254223
864335873696870401,Negative,0.9884264469146729
865218334001856512,Negative,0.001947799464687705
863579265287237632,Positive,0.009625759907066822
864682195381833728,Negative,0.0012658549239858985
865583055003693056,Positive,0.0018258575582876801
865178513661468672,Negative,0.9969082474708557
864835096951611393,Neutral,0.1018015518784523
865742897764859905,Negative,0.891329824924469
863597353776939010,Negative,0.006868666037917137
862673399839166464,Negative,0.001294322544708848
864449223894474752,Positive,0.0013381586177274585
864824282307756033,Negative,0.9973675608634949
863003498409070593,Negative,0.006520440801978111
864706599750959104,Positive,0.9527497291564941
865205909643022336,Positive,0.04072984308004379
864539035422863361,Positive,0.0069130114279687405
865537825474723843,Negative,0.27676552534103394
864480995961163780,Negative,0.7163214683532715
864449065249067008,Neutral,0.05525222793221474
864115367194624000,Negative,0.078214630484581
864171787478761473,Negative,0.866533100605011
862521736591495168,Negative,0.9326177835464478
862175809905283072,Neutral,0.019596248865127563
862321313045762048,Positive,0.04778602719306946
864539110928769024,Negative,0.6058472990989685
862140107352137728,Negative,0.28661808371543884
864123224711417856,Negative,0.10753454267978668
864618055380455424,Positive,0.009264006279408932
864704259052498945,Positive,0.9884109497070312
862686940918841345,Neutral,0.002325099427253008
862296231053283328,Positive,0.995271623134613
863589426328481792,Positive,0.002570616314187646
862316784132792321,Neutral,0.0021578024607151747
862668269798514688,Neutral,0.989100992679596
863594188201394176,Positive,0.008833109401166439
863046724562165762,Negative,0.002065849956125021
865179462123614209,Positive,0.9925732612609863
862140095364816897,Negative,0.005846974439918995
863591588437663744,Positive,0.001579738687723875
862883898749059072,Positive,0.007366572041064501
864128407046631424,Negative,0.9728662371635437
864166159763066881,Negative,0.019767219200730324
864486503061348354,Positive,0.6427602767944336
862157739467972608,Negative,0.2586229741573334
865580896740626432,Neutral,0.09861666709184647
864118105026572292,Negative,0.03455151244997978
864699930656559104,Positive,0.8996096253395081
863288395916816385,Positive,0.06583889573812485
864495762910138368,Negative,0.049290981143713
862309558882095105,Positive,0.05034460872411728
862151438872584192,Positive,0.9003643989562988
864903327963860992,Neutral,0.9923902153968811
864704132262842368,Negative,0.0019180342787876725
865581387247751168,Negative,0.005691772326827049
865054405900554240,Neutral,0.989894688129425
865218091671748608,Positive,0.0067698038183152676
863086332742160385,Neutral,0.0033354966435581446
865053395756994560,Positive,0.009713055565953255
862674558133915648,Positive,0.47859567403793335
864670009750106112,Neutral,0.5116912722587585
864180093391908864,Positive,0.011968725360929966
864329160637984769,Neutral,0.9689958691596985
864528302006030337,Positive,0.019035402685403824
864666008333807616,Negative,0.39301738142967224
865649216739090433,Neutral,0.6028462052345276
862168235835346944,Neutral,0.004136399831622839
863387899206791168,Negative,0.009502309374511242
864657137406017537,Negative,0.34579479694366455
862669308157210626,Neutral,0.6447028517723083
864831569982357504,Negative,0.12959003448486328
862145778890002437,Positive,0.8581973314285278
865540515495690241,Negative,0.01221261452883482
864541050068750338,Neutral,0.0027565022464841604
865432088513843200,Positive,0.9867668747901917
865576082615005184,Negative,0.010476620867848396
865654935509098496,Negative,0.028269067406654358
862720924856070144,Positive,0.9615494012832642
864858513494986754,Positive,0.010181523859500885
863394129115570176,Positive,0.6374632716178894
863031252265426945,Positive,0.3538285195827484
865224317570875392,Negative,0.008708225563168526
862146997092061186,Negative,0.0026304780039936304
862140110409748480,Positive,0.06818150728940964
864858534198087680,Positive,0.9291880130767822
864892545389780993,Positive,0.9951395988464355
863588179185737728,Negative,0.00308741326443851
864844566284955648,Neutral,0.0017729006940498948
865206365064765441,Negative,0.005059534218162298
865904861992321026,Negative,0.9880452752113342
862666889629184002,Positive,0.0068952045403420925
862517955665551360,Positive,0.9895175099372864
863580024359858176,Negative,0.003944323398172855
864623343936339968,Neutral,0.006538094021379948
864654718664159232,Neutral,0.13006441295146942
864336596388073472,Positive,0.8633260130882263
864895277500649473,Positive,0.006609622854739428
863369867122139136,Negative,0.38141390681266785
864457228224520192,Negative,0.4222528636455536
865064461870276608,Positive,0.19633324444293976
864130216280588289,Positive,0.9834956526756287
863599703421845505,Positive,0.013484662398695946
864904783995555841,Negative,0.0030196260195225477
864777873986658304,Negative,0.9831929206848145
865211573354340352,Neutral,0.012533766217529774
864338244967612416,Neutral,0.004273282364010811
864682585984823298,Positive,0.00338772963732481
862157087039795205,Neutral,0.079955093562603
865425817001615360,Positive,0.9166571497917175
862514048881102848,Positive,0.001209885231219232
862149553285472257,Positive,0.0015052140224725008
864906541434122240,Positive,0.9972848892211914
864655498792120321,Negative,0.002171313390135765
864657930397896704,Negative,0.9807815551757812
864626848306802688,Neutral,0.01704719103872776
864122310600642565,Neutral,0.002460273215547204
863590353223512064,Neutral,0.006531141232699156
863597529971261440,Positive,0.9910085797309875
864709713954471936,Neutral,0.0030921597499400377
862143202534588417,Negative,0.25038233399391174
862329405242318850,Positive,0.7465254664421082
863575546432811008,Positive,0.0028552748262882233
864333172393164800,Positive,0.1325433999300003
862141959619715072,Negative,0.8646013736724854
863892713376239616,Neutral,0.03545474633574486
864849114164588544,Neutral,0.31453341245651245
864653900405772288,Positive,0.6500118374824524
865582886950404098,Neutral,0.9945342540740967
862895797041549313,Neutral,0.0031640324741601944
862142609858453504,Negative,0.0023016498889774084
864889917452820482,Positive,0.0009593897848390043
864652296717824000,Neutral,0.002600096631795168
864896250067509248,Positive,0.9964404702186584
862673891210256385,Positive,0.9148066639900208
863364626158940164,Positive,0.009466388262808323
862155856456142848,Positive,0.07572691887617111
863595700331974658,Neutral,0.004933489486575127
864896693615157250,Neutral,0.9840728640556335
862165654769737729,Neutral,0.010993663221597672
864904515149070341,Neutral,0.002066622953861952
864687047335923712,Negative,0.004392111673951149
864679761599188993,Neutral,0.9935412406921387
865219746077323264,Neutral,0.0011252519907429814
864119950318989312,Positive,0.001742664841003716
862672933000552448,Neutral,0.9971320629119873
864654726859804672,Positive,0.0010675345547497272
862360984010326024,Negative,0.0017247884534299374
862891317843689473,Positive,0.9972077012062073
862317707047428096,Positive,0.0017192861996591091
862730624158879744,Positive,0.001967025687918067
862147017413451777,Neutral,0.996313750743866
862517195485696000,Positive,0.9948430061340332
864710580141264898,Neutral,0.003547203028574586
864935945451307010,Negative,0.0016097784973680973
864674088865890304,Neutral,0.9938879609107971
862256965166170112,Negative,0.0044990056194365025
864644073117929488,Neutral,0.0016131169395521283
865439246760505344,Positive,0.003884827485308051
864104879668830208,Positive,0.9813408851623535
863042613829611521,Positive,0.014774223789572716
864334013976031235,Positive,0.022325249388813972
864710387173818369,Positive,0.6178381443023682
865574215738511360,Neutral,0.3598365783691406
864893965203640322,Neutral,0.0012157069286331534
864532499980066817,Positive,0.0014999762643128633
864661951942676480,Neutral,0.9972842931747437
864661149266182144,Negative,0.0018007538747042418
864603718028853248,Negative,0.0022824539337307215
864480986654027776,Positive,0.9959167838096619
864672485945618432,Neutral,0.8298486471176147
864529954498916352,Neutral,0.1665804237127304
864898528786755590,Positive,0.003570892848074436
865428248632598529,Negative,0.0012117208680137992
864531896130207744,Neutral,0.001683986047282815
864327703998103553,Positive,0.9971043467521667
863795073582080000,Positive,0.655803918838501
865545051677499397,Neutral,0.328913152217865
862324839444619264,Positive,0.01528288796544075
864654624619450369,Negative,0.007280826102942228
863583626662993921,Positive,0.9596289396286011
863387112279879682,Negative,0.0330902524292469
863251397759905792,Neutral,0.0007706315373070538
863599832874790914,Positive,0.003120881039649248
864668430045151233,Negative,0.9961084723472595
864845962375831552,Negative,0.00589771568775177
862163740623556609,Positive,0.07463642954826355
865596986149523457,Negative,0.9194658398628235
864651384481828865,Neutral,0.00412113917991519
864377816107896832,Positive,0.08326674997806549
865564105767256064,Negative,0.9126120805740356
863594194669113344,Positive,0.0010872046696022153
865565993325785088,Negative,0.0024547320790588856
862752488277118977,Neutral,0.9964579939842224
865795695860752384,Positive,0.0009251205483451486
863003416666284032,Neutral,0.0017538141692057252
862513541491961856,Positive,0.9973210692405701
864516795549536257,Neutral,0.0009874682873487473
864117608316121090,Positive,0.0021598886232823133
864915488815677440,Neutral,0.996852695941925
865048388403900416,Neutral,0.4554802477359772
864673277955932160,Negative,0.4609241783618927
864531547713654784,Negative,0.08359559625387192
864894731716833282,Positive,0.04100007563829422
862149526081204224,Positive,0.9286147356033325
864671667959848961,Positive,0.030385179445147514
864899322416160768,Positive,0.9558212161064148
865212086426664960,Positive,0.04036862030625343
864653780679245824,Positive,0.0038101247046142817
863084196457263104,Positive,0.0013885042862966657
863247265242198016,Neutral,0.0015124533092603087
862457870402629632,Neutral,0.9970990419387817
864682741916422144,Negative,0.9354857206344604
864325888808275968,Positive,0.03956693410873413
864643604899409920,Neutral,0.02494734153151512
865583210431905792,Positive,0.010639435611665249
865726745621737478,Neutral,0.05358823761343956
863579224514416644,Positive,0.9357722997665405
865204176422391808,Negative,0.0008895734790712595
865415502285463552,Negative,0.0030656601302325726
863390504439959552,Positive,0.9960447549819946
864186131134513154,Neutral,0.0012470455840229988
864537573770874880,Positive,0.01271520834416151
862350168208932865,Positive,0.9860377907752991
864875373410086912,Neutral,0.33504718542099
864668402400604161,Neutral,0.6558201909065247
862831473618952193,Negative,0.009132632985711098
862306142097203201,Positive,0.9613736271858215
864904570832650240,Positive,0.029261207208037376
864676532102594561,Positive,0.009365115314722061
862145742311489536,Negative,0.9914753437042236
862191764735750145,Positive,0.002444784389808774
864689969968951297,Negative,0.006079835817217827
863588469418995713,Negative,0.003347285557538271
863087019760734209,Neutral,0.003844223916530609
865435454082035712,Positive,0.99280846118927
863576093953052672,Positive,0.9932689070701599
863581854141743105,Positive,0.005074957385659218
865753473249402881,Positive,0.001656162552535534
865717802711355393,Negative,0.184342622756958
864094264225136640,Negative,0.4983087480068207
862142620407123968,Positive,0.3173486292362213
864670861609009152,Negative,0.03082197532057762
864686210303873024,Neutral,0.9568387269973755
865795840090271744,Negative,0.012339361011981964
864655499073028097,Neutral,0.019476067274808884
865427901931429891,Neutral,0.9655746221542358
865572262455504896,Positive,0.014949372038245201
865550461419507714,Neutral,0.012056992389261723
863391562398666752,Positive,0.9804776310920715
863589760958377984,Positive,0.007465321104973555
863796283009617925,Negative,0.9859941005706787
864826399001018368,Negative,0.010834252461791039
864340564484816896,Positive,0.0031717224046587944
862153328351989763,Positive,0.006793052423745394
862443161867755522,Neutral,0.003482380649074912
862675223769960448,Positive,0.9897246360778809
864666021155786752,Neutral,0.9862057566642761
864824770562584576,Negative,0.012296738103032112
864653660684517376,Negative,0.0014975849771872163
865544837625335809,Positive,0.001251822686754167
863575308481568768,Positive,0.0015799370594322681
863395673680601088,Negative,0.997168242931366
864326583649275904,Negative,0.0010671307099983096
864825289641250816,Neutral,0.0024754784535616636
864116617688616960,Neutral,0.9964573979377747
864889470398722050,Positive,0.0023005190305411816
862155851896958976,Positive,0.0029918404761701822
862161382481047557,Neutral,0.9947075843811035
864899338270625792,Positive,0.0022269829642027617
864905233654263808,Positive,0.0026733556296676397
864684700568256512,Positive,0.9950997233390808
862154590757814272,Neutral,0.9941262006759644
865204378436808705,Positive,0.00387767655774951
864680542884814849,Negative,0.0019960873760282993
864123422779080705,Positive,0.007068040315061808
864193632932421633,Neutral,0.33304563164711
861992471160647681,Positive,0.6598863005638123
862159173550837760,Positive,0.0011225009802728891
865436249229840384,Neutral,0.0016373010585084558
864698221112823808,Neutral,0.9972401857376099
865205044785946624,Positive,0.012919009663164616
863596704557400065,Neutral,0.849875807762146
862147653676789760,Positive,0.13720515370368958
864090310275739649,Negative,0.995509147644043
864556158320877568,Neutral,0.0025105993263423443
862139460120702976,Negative,0.00198034243658185
864660351106863104,Neutral,0.011241777800023556
865698964229820418,Negative,0.9534392952919006
864678144099459072,Neutral,0.035318952053785324
864120318662770688,Negative,0.4772058129310608
863578059877883905,Negative,0.5134091377258301
863085969599344646,Neutral,0.009385135024785995
865217378854084608,Positive,0.9884181618690491
864666780027015168,Neutral,0.007786490488797426
863175109275680770,Negative,0.0037953513674438
863573851585859586,Positive,0.0015275796176865697
864486718489202688,Positive,0.013434146530926228
862408799621189632,Positive,0.9850383400917053
862719277497012224,Neutral,0.0015958667499944568
863582218400276480,Positive,0.01081308163702488
864853171063140352,Negative,0.987591028213501
863582642289037313,Neutral,0.0021472524385899305
864331727736520705,Neutral,0.011339428834617138
865548067902062595,Positive,0.9865133166313171
865566066889641984,Negative,0.024278126657009125
862006202204643328,Positive,0.0634954497218132
862139476159672322,Neutral,0.9122264385223389
864660341434843136,Positive,0.005538903642445803
864702039607185408,Neutral,0.9923096895217896
864672496519348224,Neutral,0.002151395892724395
865435059330981888,Negative,0.0058615682646632195
864171855585980417,Neutral,0.9907073974609375
865066752182542336,Positive,0.003430982120335102
864816973066227713,Negative,0.042730607092380524
864116770835226624,Positive,0.941807746887207
862168581240500224,Neutral,0.015461686067283154
864902024638418944,Neutral,0.9757424592971802
862880076765024256,Positive,0.02030610665678978
864633196666920960,Positive,0.003951440565288067
865062331977519104,Positive,0.0009580768528394401
863030811972562944,Positive,0.0023385989479720592
864483340510007296,Neutral,0.9967033267021179
864535852432732160,Neutral,0.9929942488670349
864666003187396608,Neutral,0.004601072520017624
864895332114731010,Positive,0.0024046713951975107
864707207551733761,Positive,0.001295651774853468
864657945686147076,Negative,0.0019517207983881235
864898683334254592,Negative,0.9967526197433472
865546592417267712,Positive,0.24572551250457764
864671683227136000,Positive,0.4170439839363098
864889496260759553,Negative,0.33723047375679016
864658734030745601,Negative,0.011890319176018238
862303437337370624,Positive,0.6231290102005005
865416829681844224,Neutral,0.3649806082248688
863586889173000196,Negative,0.0008209102670662105
864893366273798144,Positive,0.002832576632499695
862302734686580736,Positive,0.9963465332984924
864539919913504768,Neutral,0.005270764697343111
862882964249686016,Neutral,0.9866792559623718
862492205566394368,Negative,0.008050039410591125
862141371167244288,Neutral,0.9922858476638794
865058624959385600,Positive,0.0061640869826078415
862150799765512193,Neutral,0.0015500244917348027
865540928030638080,Negative,0.9949989318847656
862154584269213696,Negative,0.002196703804656863
864174086297137152,Negative,0.0028043158818036318
864809509826572288,Positive,0.004887985996901989
864167773450240000,Neutral,0.6743677854537964
864326686325821440,Positive,0.3207441568374634
862643037188521986,Neutral,0.5726198554039001
864699128458117121,Neutral,0.21567857265472412
863591134106447872,Negative,0.21170154213905334
863585930434752512,Positive,0.0014341960195451975
864526831277486082,Neutral,0.0017957172822207212
865547685243179009,Positive,0.9967701435089111
865062058496282625,Negative,0.07443413138389587
864687737777135616,Positive,0.9108508825302124
864682202667393024,Neutral,0.014714903198182583
865219337308823553,Neutral,0.01501791924238205
862152700317896706,Negative,0.9218424558639526
862719427057516544,Positive,0.06313968449831009
863579487505715202,Positive,0.9448903203010559
863045833608056833,Positive,0.05232314392924309
862328226634493953,Negative,0.0027865185402333736
864652138420502529,Neutral,0.9744552969932556
865579854753878016,Positive,0.023553330451250076
864664390959857665,Positive,0.001991365570574999
863562242415112192,Negative,0.9947457313537598
862316526543794176,Positive,0.0029553035274147987
864661151744970752,Neutral,0.002299026120454073
863092055156903936,Positive,0.9947473406791687
862152064721354752,Positive,0.0018479389837011695
865564310604582916,Positive,0.003404779825359583
863810285353807872,Positive,0.21028344333171844
865219426127409152,Negative,0.3197879493236542
862334179413032960,Positive,0.4699285924434662
863581709501124608,Neutral,0.02844652719795704
862281295132585984,Negative,0.16207179427146912
862881196203704321,Positive,0.8094817399978638
864686773447921664,Positive,0.9879390001296997
865074091115589632,Negative,0.005647216457873583
864327414033338368,Positive,0.006413748487830162
864658754079510529,Positive,0.010793151333928108
864939113287471104,Positive,0.01975231058895588
862363398545309705,Negative,0.9694545865058899
862142586177368065,Positive,0.007273061200976372
863085698022338561,Neutral,0.8233712911605835
863575321139970048,Positive,0.16935564577579498
865058491752468480,Positive,0.0017433984903618693
863407373439913984,Positive,0.0036093201488256454
862318114641457152,Positive,0.9946473240852356
864486437768617985,Neutral,0.0013285153545439243
863595707017703424,Neutral,0.0018718504579737782
862312523479035905,Positive,0.9967995882034302
865428489469652992,Positive,0.2951472997665405
864841806831382528,Neutral,0.6975803971290588
863586243036295169,Positive,0.007272355258464813
862152704105250816,Positive,0.9948011636734009
863848833708699648,Neutral,0.003219639416784048
864176338353233921,Negative,0.001979231368750334
865061754023424000,Negative,0.0011555925011634827
863817637826109441,Negative,0.0014858761569485068
865630062480994304,Positive,0.997358500957489
862465531210805248,Positive,0.019663071259856224
863581383775711233,Positive,0.7981507182121277
864700535752019968,Positive,0.18218623101711273
864681360077840384,Positive,0.006164636462926865
864542479634378752,Positive,0.9672490954399109
865160139560669184,Positive,0.026586199179291725
865428447103000576,Positive,0.0035031375009566545
863160621780566016,Negative,0.19408202171325684
862672827807408129,Positive,0.8024147748947144
865715365879459841,Positive,0.005280527751892805
862280716905832448,Neutral,0.08616390824317932
864916976484986881,Negative,0.9085555672645569
862139442961797120,Negative,0.0762183740735054
862149514832039936,Negative,0.4384993314743042
864179437172129793,Negative,0.4852822422981262
865406133435068416,Positive,0.0058615682646632195
864462012318875651,Positive,0.9907073974609375
863367412485324800,Neutral,0.0034309804905205965
863580512740397056,Positive,0.0008744050282984972
864901739258007553,Neutral,0.0027809145394712687
865386274328367106,Negative,0.9963446259498596
863043178320064512,Negative,0.9202976822853088
863584060433739776,Positive,0.060135237872600555
862005153775439873,Neutral,0.019567037001252174
863585278275059712,Negative,0.9943667054176331
864893831061401601,Neutral,0.00422299187630415
864165165067108353,Positive,0.0014102236600592732
864116956869406721,Neutral,0.9939036965370178
863371080370712576,Positive,0.003519687568768859
864675731493801984,Neutral,0.00257659493945539
864686946546798592,Negative,0.0009360646945424378
862150813535391744,Negative,0.0031753815710544586
865570627419344899,Negative,0.9958885312080383
862667768356851712,Neutral,0.9951686859130859
864649451926900737,Neutral,0.0023337036836892366
864666836230705153,Negative,0.0024976185522973537
865794656432422914,Negative,0.9918985366821289
862142617030668288,Negative,0.006374895107001066
864677342974799874,Negative,0.0017265771748498082
862512021769789441,Neutral,0.007094488944858313
862299121729904640,Positive,0.9798479676246643
862377794533195781,Positive,0.013057494536042213
864674885053931521,Neutral,0.21124017238616943
864158837288439808,Negative,0.6847913265228271
862782636011532288,Neutral,0.10396852344274521
865220490792751104,Neutral,0.002195109147578478
863592089237499905,Positive,0.002075487980619073
864653071447666688,Positive,0.995729386806488
863080215651778561,Positive,0.9900028705596924
864674917035511809,Positive,0.008656531572341919
865562684032512001,Positive,0.0013406001962721348
864652744573026304,Positive,0.19020876288414001
864120207547281408,Neutral,0.7233607172966003
864700718044905472,Negative,0.08643053472042084
864674925294047232,Negative,0.06253509968519211
862310205048184832,Positive,0.7542291879653931
865431240660328454,Positive,0.1832357496023178
863041486425919488,Negative,0.0010910423006862402
865623013739319296,Positive,0.001719656982459128
864652037551775744,Positive,0.9971893429756165
862155212110344194,Positive,0.004174874164164066
862143863460433922,Neutral,0.9757056832313538
864657111929769985,Negative,0.020119497552514076
864681387072397314,Neutral,0.002966970903798938
865057362742300672,Negative,0.9937999844551086
864674916532146176,Neutral,0.0032330257818102837
864690259463995392,Neutral,0.0015013825614005327
864123563888054278,Positive,0.0017447072314098477
863084295107293184,Positive,0.9967538714408875
865440104659243008,Positive,0.0035832934081554413
864690275800817664,Positive,0.5521400570869446
864657117021696000,Positive,0.4442765712738037
863888122261774336,Positive,0.0058615682646632195
864624153634250752,Positive,0.9907073974609375
865053884636639232,Positive,0.003430982120335102
865429420991008768,Positive,0.9031052589416504
862305506274291713,Neutral,0.06108495593070984
863031921948991488,Positive,0.035809826105833054
864168626043195397,Neutral,0.0034655537456274033
862667089298980864,Neutral,0.4861663281917572
863082331120295938,Positive,0.5103681683540344
865546979664830468,Positive,0.9904916882514954
862141998505086977,Neutral,0.0035822666250169277
865051334747328512,Neutral,0.005925973877310753
864462770321969152,Positive,0.007195136044174433
864779646868631553,Negative,0.9832901954650879
862519930624888832,Negative,0.009514627046883106
865549344031690752,Positive,0.0008970285998657346
862534416731656196,Negative,0.010062751360237598
865567419997319168,Negative,0.9890402555465698
864703880847925248,Negative,0.2558457851409912
864898715072557056,Positive,0.7182236313819885
863575409992052736,Neutral,0.025930505245923996
865180269871017984,Neutral,0.0012253568274900317
864687203418599425,Positive,0.0016193540068343282
864337486956433408,Positive,0.9971553087234497
864147119338401792,Neutral,0.9798468351364136
863250632932814852,Neutral,0.01810554414987564
863412424954785792,Positive,0.002047635382041335
865628946473209856,Positive,0.9947522878646851
863789112775593985,Positive,0.0036684165243059397
864531481032613889,Negative,0.0015792392659932375
862336095668842496,Positive,0.9819355010986328
863585446315642880,Positive,0.013133935630321503
865056896104968192,Negative,0.004930682014673948
863424197929906181,Positive,0.8152233362197876
862165644388831233,Negative,0.0766354575753212
862526813825904640,Positive,0.10814119875431061
865784877215514624,Neutral,0.011935679242014885
864661160259407873,Negative,0.984491765499115
865219780697104384,Neutral,0.003572548273950815
864335565491019777,Positive,0.6440961360931396
865576049911922688,Negative,0.2005198746919632
865175881551151104,Negative,0.15538401901721954
865566012896399360,Neutral,0.010284203104674816
865220014453948416,Negative,0.9403127431869507
862729241288470528,Negative,0.04940313100814819
864683777125216256,Neutral,0.7110523581504822
863584187730808832,Positive,0.20594099164009094
864687905612201984,Negative,0.08300662040710449
865566793649278980,Neutral,0.011429602280259132
862158226644664322,Neutral,0.9751126170158386
863247759905783808,Neutral,0.013457784429192543
862310410103422977,Neutral,0.7621302604675293
863582557794906112,Neutral,0.026799457147717476
864328489402593280,Positive,0.21107029914855957
862414326073888773,Negative,0.9921981692314148
862486983200968704,Positive,0.005660501308739185
862139462809268224,Neutral,0.0021413692738860846
862670504397852673,Neutral,0.0012461934238672256
864536139209768960,Positive,0.0016169954324141145
864699960763322368,Negative,0.9971368312835693
862726262577664001,Positive,0.004757878370583057
864176429667430400,Neutral,0.9870454668998718
862311699487088642,Negative,0.008196628652513027
862276129608138756,Positive,0.0008325909730046988
863797337520558081,Positive,0.0028013719711452723
863576636234620928,Positive,0.996366024017334
862167835908460544,Neutral,0.984832227230072
864892225926438915,Positive,0.012085994705557823
865178603948036096,Neutral,0.0030817710794508457
865789322397720577,Positive,0.005709831137210131
864858816701227010,Positive,0.9440577030181885
864481873170485249,Neutral,0.0502324253320694
864462927075713024,Positive,0.001283083576709032
862801279499857920,Neutral,0.0018009934574365616
864678956334809089,Negative,0.9969159364700317
864853602287988736,Negative,0.0009623500518500805
862312621361569794,Positive,0.0019640957470983267
864504532117712896,Negative,0.9970735311508179
864668421476274176,Neutral,0.9936259984970093
864659566277140484,Neutral,0.004886681213974953
864674917605937157,Neutral,0.001487363944761455
865770933197434880,Positive,0.4589073657989502
864674890460397569,Neutral,0.5340390801429749
863079723487956993,Positive,0.007053622975945473
865567421561753600,Negative,0.0008663656772114336
864676510938144773,Positive,0.0029512345790863037
863579585451110400,Neutral,0.996182382106781
864896424349245441,Positive,0.0010309511562809348
864128984480665600,Positive,0.002169533632695675
862140108388130817,Positive,0.9967994689941406
864333508227059712,Positive,0.004501394461840391
865428897902583808,Positive,0.9901278614997864
864539595538563072,Positive,0.005370765458792448
864653826657312768,Positive,0.022314388304948807
865563756474101760,Negative,0.052258044481277466
863043935459004416,Positive,0.9254276156425476
864695095194529792,Positive,0.986210286617279
864702289268924416,Neutral,0.009455986320972443
864662769588678656,Positive,0.004333749879151583
864906548363104256,Positive,0.0010577200446277857
862355688969957378,Positive,0.0017919705715030432
864895206772047874,Positive,0.9971503615379333
865056355736014848,Neutral,0.0761450007557869
864682753585029123,Positive,0.7705192565917969
864681794376957953,Positive,0.15333570539951324
865061909376184321,Positive,0.0017544376896694303
864687838985682945,Positive,0.0067063672468066216
864686250271408128,Positive,0.9915391802787781
862723423910461440,Positive,0.9951657056808472
864170037749460992,Positive,0.0024717943742871284
863599859894558720,Positive,0.0023624387104064226
864669193119162368,Negative,0.6040452718734741
863042896492146688,Neutral,0.23952968418598175
864635520827129856,Neutral,0.15642507374286652
864843346476511232,Positive,0.009940081275999546
864848495215333377,Neutral,0.6460579633712769
864332422187556864,Positive,0.34400197863578796
864675736745123842,Positive,0.006859981454908848
862189981833588736,Neutral,0.3931567668914795
862171856597647360,Positive,0.5999833345413208
863817775873232897,Neutral,0.0032138656824827194
864496397223067648,Positive,0.9936476349830627
864530878864793601,Positive,0.0031385619658976793
864902261071376384,Positive,0.024368539452552795
864827638552158208,Negative,0.6202923655509949
862355355552157696,Positive,0.3553391396999359
864678165804965888,Neutral,0.0009982833871617913
864915122246037504,Neutral,0.0018671228317543864
865436849409544192,Neutral,0.9971345663070679
862150786624741381,Negative,0.0030447717290371656
864854987293294592,Positive,0.8138524293899536
862690607583637504,Negative,0.18310287594795227
862322031488061440,Positive,0.0017755565932020545
862884766114344960,Positive,0.07180681079626083
864689211064102912,Negative,0.9264176487922668
864584178863677440,Positive,0.015892693772912025
864863464279478272,Negative,0.6267934441566467
864670061738557440,Positive,0.3573138415813446
862881756378222592,Negative,0.9916754961013794
864858761458049025,Positive,0.0023720967583358288
865063232201011201,Neutral,0.005952371284365654
864665222480637952,Negative,0.9946395754814148
863788841810972672,Negative,0.0035935547202825546
862318162624360448,Positive,0.0017669195076450706
864893367385300993,Negative,0.0010485780658200383
863571787887648768,Negative,0.0019283561268821359
863571802580279296,Positive,0.9970230460166931
862678246852358145,Negative,0.995464026927948
862684531341631492,Negative,0.0025241035036742687
864894432419737600,Neutral,0.0020119119435548782
865567513505136646,Negative,0.9938538074493408
862317943719428101,Positive,0.00260886549949646
862148284160323584,Negative,0.003537361975759268
862304651399634944,Positive,0.9916905164718628
863578903222386689,Positive,0.002856697654351592
863589380098842624,Positive,0.005452687852084637
862512680149692418,Positive,0.9945617318153381
862146386309074945,Negative,0.0025539849884808064
862154586559324161,Positive,0.0028842820320278406
864653034567200770,Neutral,0.001175297424197197
863085029416730624,Positive,0.004841070156544447
864687053245734913,Negative,0.9939836859703064
863575589864845316,Positive,0.9415543675422668
863575429034246145,Positive,0.018001597374677658
864687050607534081,Negative,0.040444038808345795
864148452736991232,Neutral,0.9944664835929871
862139457109188609,Negative,0.0020031228195875883
862731233213775874,Positive,0.0035304438788443804
864903728922492928,Negative,0.002341320039704442
865551577083387906,Neutral,0.010060724802315235
862453755169656837,Positive,0.9875980019569397
864674113457147904,Negative,0.9738126397132874
862729512659898368,Neutral,0.010705688036978245
864688657315356672,Negative,0.015481621026992798
864663570050670592,Negative,0.0015023850137367845
863030618426400768,Positive,0.0019611180759966373
864859031650926594,Positive,0.9965364933013916
862321494269079552,Negative,0.008547592908143997
865430630443700225,Positive,0.08460260182619095
862318818017914881,Neutral,0.9068498015403748
865571512144846849,Negative,0.0029415301978588104
863258097539846144,Positive,0.9824790954589844
864179360189865984,Negative,0.014579410664737225
864661180710834176,Neutral,0.9945043325424194
864459265507045377,Positive,0.0021141006145626307
865698788656152576,Neutral,0.0033816657960414886
862148916069924864,Negative,0.006724187638610601
863591985076211713,Positive,0.02701103687286377
865902894062686209,Neutral,0.9662647247314453
865065093192720385,Positive,0.0018156145233660936
863367291337158656,Neutral,0.00290110451169312
862147020730933248,Neutral,0.995283305644989
865204869103321091,Positive,0.0014098008396103978
863597310978269186,Positive,0.0014129169285297394
864656294782881793,Positive,0.997177243232727
864173138208337921,Positive,0.007849876768887043
864858190827184129,Positive,0.395595908164978
865057839726940160,Positive,0.5965542197227478
862155852530294784,Negative,0.001335497829131782
865061991819472896,Neutral,0.0014881768729537725
862512984916144128,Neutral,0.9971762895584106
864575593727369216,Positive,0.14551828801631927
865000875919458304,Negative,0.8272227644920349
864661973572734976,Positive,0.027258917689323425
865426606084562944,Positive,0.5756861567497253
865206387625865216,Negative,0.4176243245601654
865433826662768640,Negative,0.006689479574561119
863573711282110464,Positive,0.008092427626252174
865435787684446208,Positive,0.9664091467857361
864655444786204672,Neutral,0.025498434901237488
863242068927422466,Neutral,0.005246734246611595
863081936646025218,Positive,0.9880671501159668
864105664204996608,Neutral,0.006686198990792036
864177820813185024,Neutral,0.0083848275244236
862364838445670401,Neutral,0.9735516905784607
865550032665063424,Negative,0.018063459545373917
864841249475497984,Negative,0.9868993759155273
864667631151972352,Negative,0.007043069694191217
864657931534520320,Positive,0.006057520862668753
863256923440893952,Positive,0.0008731274283491075
865659720241000448,Negative,0.0020605570171028376
863588331531243520,Positive,0.9970663189888
865578037320011776,Neutral,0.009520580060780048
865052962942570496,Positive,0.30249127745628357
864837992116039680,Neutral,0.6879881620407104
863579250137477120,Positive,0.0010854839347302914
862519832838889473,Positive,0.005684080999344587
864464729821122560,Negative,0.9932304620742798
863791431848087553,Negative,0.0011736814631149173
865411967430926336,Negative,0.0024782149121165276
864607748461383680,Positive,0.9963480830192566
862151431729672193,Positive,0.9576498866081238
865400728973475842,Positive,0.035823822021484375
864683467749171200,Positive,0.00652620242908597
864799649345015809,Negative,0.0010716469259932637
864652213569900544,Positive,0.0016925245290622115
865433753371455488,Positive,0.9972358345985413
863582101425324038,Positive,0.001900536473840475
863580696740343808,Positive,0.08715815842151642
864844704101396480,Negative,0.9109413027763367
862156476244267008,Negative,0.0014528640313073993
865217214173065217,Positive,0.001786907552741468
864176543135916035,Negative,0.9967601895332336
864659569452216321,Negative,0.0011515927035361528
864665229975859200,Neutral,0.003572758985683322
865218078187171840,Neutral,0.995275616645813
864681357594722305,Negative,0.008765746839344501
862175801655087104,Negative,0.9794694185256958
862287943964262402,Positive,0.01176479086279869
863247843431256064,Positive,0.990898072719574
864646669970931712,Negative,0.007126441225409508
864659548409405443,Negative,0.001975509338080883
863085962976530435,Positive,0.9952763319015503
862146368130994176,Negative,0.00229629292152822
865570035942780929,Neutral,0.0024273621384054422
862813806120095744,Negative,0.0009962008334696293
865690466834100224,Negative,0.001972649712115526
864674909468938244,Negative,0.9970310926437378
863571973552697345,Positive,0.11423954367637634
865430369125810176,Positive,0.7329883575439453
862228028470030336,Neutral,0.1527721881866455
864665198359183361,Negative,0.5964662432670593
864652189414948864,Negative,0.3746005892753601
865417663048065024,Positive,0.02893313765525818
863591980189835264,Positive,0.013699986040592194
862171183248269312,Negative,0.6497944593429565
865229163158003713,Neutral,0.3365055322647095
864859421645692928,Positive,0.008279312402009964
862731246983663620,Negative,0.14987032115459442
864687042588028932,Negative,0.8418503999710083
863089926681890817,Negative,0.00288192555308342
864824371768066048,Positive,0.9910863041877747
865049825565429760,Neutral,0.006031765602529049
864674083946070016,Neutral,0.0011363839730620384
865065171521347584,Positive,0.01402779296040535
863084708422352896,Positive,0.9848358035087585
863577952717602816,Positive,0.0028530729468911886
863578221647933441,Positive,0.003908711951225996
864168174312464386,Neutral,0.9932382106781006
865544967254532100,Positive,0.0015001787105575204
865438244523171840,Positive,0.0015688914572820067
862153949532573696,Negative,0.9969310164451599
865208905584062464,Positive,0.0011214616242796183
862140098879606784,Negative,0.0017654858529567719
865428030058934272,Negative,0.9971129894256592
864291128366989313,Neutral,0.9946626424789429
863575603827671040,Negative,0.0017583084991201758
864530894622797825,Positive,0.0035790472757071257
862145739681660929,Positive,0.033404432237148285
865418244106076160,Positive,0.9213725924491882
862142589650296832,Negative,0.0452229380607605
864824143749029888,Positive,0.8533505201339722
864164274700242947,Positive,0.024520358070731163
862290625651146752,Negative,0.1221291795372963
864658729622437888,Positive,0.9876765012741089
865544974367997954,Neutral,0.0057912967167794704
863578294628823040,Positive,0.006532237399369478
862668488925741058,Negative,0.007976234890520573
864685404859052032,Negative,0.009095395915210247
865565766095163394,Negative,0.9829283952713013
863573220447989764,Positive,0.3408341109752655
862728389605634048,Positive,0.6424205303192139
862153326288400388,Positive,0.016745340079069138
863001792157765632,Positive,0.003092032391577959
864657954842312704,Neutral,0.011062664911150932
863091350270562306,Negative,0.9858453273773193
864811077158281218,Neutral,0.0008879036759026349
864670816822276096,Negative,0.0018722361419349909
863579204486561792,Positive,0.9972398281097412
864650004761374720,Negative,0.0018257976043969393
862141982180855810,Negative,0.003591516287997365
862289794633781249,Positive,0.9945827126502991
862154570562195456,Negative,0.0011188872158527374
862885036584046592,Positive,0.004809145350009203
863575954123370496,Neutral,0.9940720200538635
861833430069387264,Positive,0.992962658405304
864906945664348161,Neutral,0.004002988804131746
862365102573596672,Positive,0.003034466179087758
864663574836199424,Neutral,0.9948220252990723
862154569706594305,Positive,0.0025085376109927893
864661979818020865,Negative,0.0026693325489759445
864677347705925632,Positive,0.0023259941954165697
863398606128259072,Negative,0.0031749377958476543
862154585120681985,Neutral,0.9944990873336792
864529816468553728,Negative,0.002475139917805791
865572665557495808,Negative,0.005361545365303755
864105103393001472,Positive,0.9921633005142212
865578024229511169,Positive,0.022293228656053543
863594310561918977,Neutral,0.010765773244202137
864685398215331840,Negative,0.9669410586357117
863593017445429248,Positive,0.9953073859214783
863595811183185920,Positive,0.002422488760203123
864684453909671936,Positive,0.0022701274137943983
865585908610994176,Positive,0.0017989249899983406
862153335465496577,Positive,0.005446319933980703
864531796196831233,Positive,0.9927547574043274
862307880904646656,Positive,0.0026830232236534357
862161481772806149,Neutral,0.9949669241905212
862296145095266304,Neutral,0.002350039314478636
863578466867965953,Positive,0.9927731156349182
865789047238774784,Positive,0.004776968155056238
864128768310431747,Neutral,0.002449870342388749
862311626351009793,Positive,0.028238661587238312
864653722881806337,Positive,0.9244180917739868
861935596201181184,Neutral,0.04734320193529129
863084400535367681,Neutral,0.005546564236283302
863573278841085952,Negative,0.7842674851417542
863002731275063296,Neutral,0.2101859599351883
864682938847420417,Positive,0.0009228687267750502
865572794016378882,Negative,0.002290391130372882
865567298035339264,Negative,0.9967867136001587
